﻿pos_x,pos_y,rotation,side,designator,mpn,pack,value,mount_type,place
164.1221,-102.9716,0.0,top,U$1,,PIN-8MM,DIODE,tht,True
146.8501,-113.1316,0.0,top,U$10,,PIN-8MM,,tht,True
146.8501,-109.8296,0.0,top,U$11,,PIN-8MM,,tht,True
174.7901,-104.2416,0.0,top,U$12,,LED-3MM-5MM,LED3MM=5MM,tht,True
150.4061,-102.4636,180.0,top,U$13,,PIN-8MM,,tht,True
120.9421,-98.6536,0.0,top,U$2,,PTH-PLUGIN-4,PTH-PLUGIN-4,tht,True
137.4521,-98.6536,0.0,top,U$3,,PTH-PLUGIN-4,PTH-PLUGIN-4,tht,True
153.9621,-98.6536,0.0,top,U$4,,PTH-PLUGIN-4,PTH-PLUGIN-4,tht,True
171.4881,-98.6536,0.0,top,U$5,,PTH-PLUGIN-3,PTH-PLUGIN-3,tht,True
171.4881,-110.8456,0.0,top,U$6,,PTH-PLUGIN-3,PTH-PLUGIN-3,tht,True
129.3241,-105.1306,0.0,top,U$7,,PTH-6X1,PTH-6X1,tht,True
157.0101,-107.5436,0.0,top,U$8,,PTH-3X1,PTH-3X1,tht,True
157.0101,-110.5916,0.0,top,U$9,,PTH-3X1,PTH-3X1,tht,True
